score_lgb,score_xgb,score_linreg,mean,total
1.0,1.0,5.235171550047043e-15,0.6666666666666684,0.9000000000000006
0.9141099907029966,0.9911504424778761,1.927475706070356e-15,0.6350868110602915,0.8496631497539051
0.886218980190231,0.8053097345132744,0.15623140452958212,0.6159200397443625,0.7849019866372313
0.8727025674032755,0.7654867256637168,0.09858094618006209,0.5789234130823514,0.7577648606721086
0.7319602374311664,0.9026548672566371,0.10776186887716696,0.5807923245216567,0.7292835210146812
0.7957519845526712,0.6504424778761062,1.4902210787692827e-15,0.48206482080959295,0.6653184587606065
0.6961310162339985,0.7035398230088495,2.656570735988284e-14,0.4665569464142916,0.6291109969817992
0.6735321461775013,0.6548672566371682,8.98446676262518e-15,0.44279980093822613,0.5996462202206355
0.6652363584352429,0.5929203539823009,8.791090254316968e-15,0.41938557080585087,0.5734021210331899
0.5769148251448187,0.6061946902654867,2.458816225872994e-15,0.39436983847010265,0.5294712954225709
0.3998426660945434,0.29646017699115046,0.821024868123489,0.5057759037363944,0.4057770151112504
0.42258456697418295,0.3805309734513274,2.0508820949040766e-14,0.26770518014184363,0.36560735254376725
0.42201244368161345,0.35398230088495575,1.556514955212836e-15,0.25866491485552356,0.35600064933462205
0.2862046771079168,0.47787610619469023,5.420619866501455e-15,0.2546935944342042,0.32466920957749634
0.34134305942930704,0.3805309734513274,1.2825810878180364e-14,0.24062467762688244,0.3209245233940847
0.34570549953514984,0.33628318584070793,1.78142174579288e-15,0.22732956179195318,0.30783713978858035
0.3307587785167704,0.3230088495575221,3.1381271985096537e-15,0.21792254269143188,0.2949704255293568
0.1933061574769363,0.2654867256637168,4.049277818863101e-15,0.15293096104688572,0.19923874059461624
0.189873417721519,0.23008849557522124,5.550985020179292e-16,0.13998730443224694,0.18496135319816293
0.19695344346706717,0.17699115044247787,1.4981902463662745e-15,0.12464819796984884,0.17027129656175433
0.06436387041407424,0.0752212389380531,0.9999999999999999,0.3798617031173757,0.1617275623560594
0.1722806264750054,0.15486725663716813,1.1817906281833919e-14,0.10904929437072845,0.148957884384263
0.14760780948294358,0.18141592920353983,1.713211341252479e-14,0.10967457956216685,0.14467987043685965
0.19959951369520132,0.08849557522123894,2.4881009613667494e-15,0.09603169630548092,0.1407531838597946
0.1351641278695559,0.17256637168141592,4.540433756507799e-14,0.1025768331836724,0.13473850041675586
0.15926482156904814,0.1327433628318584,3.645371500724901e-15,0.09733606146697006,0.13405582885412728
0.14109990702996497,0.1592920353982301,6.7359213930090434e-15,0.10013064747606726,0.13335716125586194
0.16741757848816421,0.10619469026548672,6.510500140185291e-15,0.09120408958455249,0.12924780976141131
0.13652292068940858,0.11946902654867256,4.092318713666747e-15,0.08533064907936176,0.11690176567121051
0.10441250089394265,0.13716814159292035,3.7929781875597975e-15,0.08052688082895561,0.10543572504919095
0.16520060072945722,0.03982300884955752,3.591355757160829e-15,0.06834120319300611,0.10479838349854698
0.11213616534363156,0.11061946902654868,4.610073890492949e-16,0.07425187812339358,0.10039170509828944
0.10734463276836159,0.10619469026548672,1.0386697777272955e-15,0.07117977434461645,0.09620768961551933
0.11742830579989989,0.08849557522123894,7.354429915069006e-15,0.0686412936737154,0.0955590195173793
0.10562826289065294,0.10619469026548672,4.7258105808105294e-15,0.07060765105204812,0.09526368618277994
0.10269613101623401,0.08407079646017698,3.358168252798999e-15,0.062255642492138115,0.085907650819991
0.06007294571980262,0.02654867256637168,0.3774700544370768,0.1546972242410837,0.08007916098782922
0.10097976113852536,0.0663716814159292,2.550138288549598e-14,0.05578381418482669,0.07876895712176672
0.11199313452048917,0.048672566371681415,4.5428638847122795e-15,0.05355523363072504,0.078631622216358
0.0984052063219624,0.0663716814159292,8.772671908935558e-17,0.05492562924596389,0.07735295197265456
0.08867911034828006,0.07964601769911504,1.0076691236230628e-14,0.05610837601580173,0.07664961688624532
0.07137238074805122,0.10619469026548672,2.98678738752272e-14,0.05918902367118927,0.07642295100435151
0.08968032611027678,0.07079646017699115,1.8916085436160448e-14,0.05349226209576228,0.07410294042260102
0.11185010369734678,0.030973451327433628,3.420945524431209e-17,0.047607851674926815,0.0723582649981425
0.06708145605377959,0.09292035398230089,2.567508969021255e-15,0.053333936678694356,0.06941692472338436
0.07194450404062076,0.07079646017699115,1.1611821239366523e-13,0.04758032140590934,0.06434823828429993
0.07337481227204463,0.0663716814159292,3.678571144101111e-15,0.04658216456265917,0.06358623524520014
0.07308875062575985,0.05752212389380531,1.654454790458112e-15,0.04353695817318894,0.060331556206999946
0.08016877637130802,0.03982300884955752,8.259231249796448e-15,0.039997261740291265,0.058030880101565374
0.058785668311521135,0.05752212389380531,7.565667752466377e-16,0.0387692640684424,0.05246486093416856
0.008581849388543231,0.017699115044247787,0.3890354182365812,0.13843879422312408,0.049818249252843616
0.009511549738968748,0.008849557522123894,0.4086360794844852,0.14233239558185928,0.049192305437624685
0.06829721805048988,0.030973451327433628,5.706075749024727e-15,0.033090223125976405,0.04840417789237178
0.06207537724379604,0.03982300884955752,2.7292087120100794e-15,0.03396612869778543,0.04807951058143323
0.07559179003075163,0.017699115044247787,2.9624870081207694e-14,0.031096968358343014,0.047770174782403085
0.03990559965672603,0.061946902654867256,4.270001085124617e-15,0.03395083410386585,0.043629495740403285
0.04333833941214332,0.048672566371681415,5.152422888190862e-15,0.030670301927943292,0.04087148490676784
0.0492026031609812,0.035398230088495575,8.738409188309672e-16,0.02820027774982588,0.0394508122695132
0.04634198669813345,0.02654867256637168,1.044347932421258e-15,0.02429688642150206,0.03478012808220359
0.03211041979546592,0.030973451327433628,3.90527592341544e-16,0.021027957040966647,0.028501438852108065
0.02224129299864121,0.03982300884955752,2.0261870123471863e-14,0.020688100616073,0.026170764246599823
0.027390402631767147,0.022123893805309734,1.4509135295550014e-14,0.016504765479030462,0.02280808427933179
0.023170993349066724,0.022123893805309734,3.633541232718188e-15,0.0150982957181267,0.02048740917384547
0.021383108059786885,0.022123893805309734,0.0,0.014502333955032207,0.019504072264741195
0.029678895802045344,0.008849557522123894,1.3555529828058695e-14,0.0128428177747276,0.01942073782386966
0.016520060072945722,0.022123893805309734,4.2743981186207364e-15,0.01288131795941991,0.01682939587197898
0.01072731173567904,0.02654867256637168,1.2944025640329148e-14,0.012425328100687888,0.015192056852854855
0.014160051491096332,0.017699115044247787,1.855603454446645e-17,0.010619722178448046,0.01398271858558971
0.01551884431094901,0.01327433628318584,2.311856387027354e-15,0.009597726864712388,0.013181382070137231
0.013230351140670815,0.01327433628318584,1.4681205857491114e-14,0.008834895807957113,0.01192271082648546
0.011871558320818137,0.01327433628318584,1.2951548773756707e-15,0.008381964868001758,0.01117537477556515
0.0025745548165629698,0.017699115044247787,8.929056939788509e-15,0.006757889953606562,0.007610695414597251
0.0077951798612601025,0.004424778761061947,1.7759858004483515e-15,0.004073319540774609,0.005836021490064916
0.0009297003504255168,0.0,2.44588773106115e-16,0.00030990011680858716,0.0005113351927340588
0.0,0.0,9.333563385798666e-14,3.111187795266222e-14,9.333563385798664e-15
0.0,0.0,3.81782653903795e-14,1.2726088463459832e-14,3.817826539037949e-15
0.0,0.0,1.0004984769027508e-14,3.3349949230091696e-15,1.0004984769027505e-15
0.0,0.0,4.7775873724373365e-15,1.5925291241457788e-15,4.777587372437335e-16
0.0,0.0,2.5188902268100754e-15,8.396300756033585e-16,2.518890226810075e-16
